## Exercise 1
mysql -u root -p decodemtl_AddressBook < ~/workspace/decodemtl/sqlWorkshop2/data/import-table-structure.sql

## Exercise 2
mysql> insert into Account values (null, 'chuck@test.com', 'bleh', 20161019, 20161019);
Query OK, 1 row affected (0,02 sec)

mysql> insert into AddressBook values (null, 1, 'chuck', 20161019, 20161019);
Query OK, 1 row affected (0,01 sec)

mysql> insert into Entry values (null, 1, 'charles', 'jambon', 19930718, 'home', 'email', 'line One', null, null, null, null);
Query OK, 1 row affected (0,00 sec)
mysql> insert into Entry
    -> values (null, 2, 'bob', 'vance', 19800202, 'work', 'phone', 'line one bob', null, null, null, null);
Query OK, 1 row affected (0,01 sec)
mysql> insert into Entry values (null, 3, 'michael', 'scott', 19780522, 'work', 'phone', 'line one michael', null, null, null, null);
Query OK, 1 row affected (0,01 sec)

## Excercise 3 
mysql> select * from Account;
+----+----------------+----------+---------------------+---------------------+
| id | email          | password | createdOn           | modifiedOn          |
+----+----------------+----------+---------------------+---------------------+
|  1 | chuck@test.com | bleh     | 2016-10-19 00:00:00 | 2016-10-19 00:00:00 |
+----+----------------+----------+---------------------+---------------------+
1 row in set (0,00 sec)

mysql> select * from AddressBook;
+----+-----------+-------+---------------------+---------------------+
| id | accountId | name  | createdOn           | modifiedOn          |
+----+-----------+-------+---------------------+---------------------+
|  1 |         1 | chuck | 2016-10-19 00:00:00 | 2016-10-19 00:00:00 |
+----+-----------+-------+---------------------+---------------------+
1 row in set (0,00 sec)

mysql> select * from Entry;
+----+---------------+-----------+----------+---------------------+------+---------+------------------+----------------+------------------+-----------------+-----------------+
| id | addressBookId | firstName | lastName | birthday            | type | subtype | contentLineOne   | contentLineTwo | contentLineThree | contentLineFour | contentLineFive |
+----+---------------+-----------+----------+---------------------+------+---------+------------------+----------------+------------------+-----------------+-----------------+
|  1 |             1 | charles   | jambon   | 1993-07-18 00:00:00 | home | email   | line One         | NULL           | NULL             | NULL            | NULL            |
|  2 |             2 | bob       | vance    | 1980-02-02 00:00:00 | work | phone   | line one bob     | NULL           | NULL             | NULL            | NULL            |
|  3 |             3 | michael   | scott    | 1978-05-22 00:00:00 | work | phone   | line one michael | NULL           | NULL             | NULL            | NULL            |
+----+---------------+-----------+----------+---------------------+------+---------+------------------+----------------+------------------+-----------------+-----------------+
3 rows in set (0,00 sec)

## Exercise 4
mysql> update Account
    -> set email='chuck@chuck.com';
Query OK, 1 row affected (0,01 sec)
Rows matched: 1  Changed: 1  Warnings: 0

mysql> update AddressBook
    -> set name='chucky';
Query OK, 1 row affected (0,02 sec)
Rows matched: 1  Changed: 1  Warnings: 0

mysql> update Entry
    -> set contentLineOne = case id
    -> when 1 then 'new content chuck'
    -> when 2 then 'new content bob'
    -> when 3 then 'new content michael'
    -> end
    -> where id in (1,2,3);
Query OK, 3 rows affected (0,01 sec)
Rows matched: 3  Changed: 3  Warnings: 0

## Exercise 5
mysql> truncate table Entry;
Query OK, 0 rows affected (0,05 sec)

mysql> select * from Entry;
Empty set (0,00 sec)

## Exercise 6
mysql> drop table Account;
Query OK, 0 rows affected (0,04 sec)

mysql> show tables;
+----------------------------------------+
| Tables_in_decodemtl_addressbook_import |
+----------------------------------------+
| AddressBook                            |
| Entry                                  |
+----------------------------------------+
2 rows in set (0,00 sec)

## Exercise 7
charles@charlesthinkpad:~$ mysql -u root -p decodemtl_addressbook_import < ~/workspace/decodemtl/sqlWorkshop2/data/import-table-structure.sql
Enter password: 
charles@charlesthinkpad:~$ mysql -u root -p decodemtl_addressbook_import < ~/workspace/decodemtl/sqlWorkshop2/data/import-account.sql
Enter password: 
charles@charlesthinkpad:~$ mysql -u root -p decodemtl_addressbook_import < ~/workspace/decodemtl/sqlWorkshop2/data/import-addressbook.sql
Enter password: 
charles@charlesthinkpad:~$ mysql -u root -p decodemtl_addressbook_import < ~/workspace/decodemtl/sqlWorkshop2/data/import-entry.sql
Enter password: 
charles@charlesthinkpad:~$ 

## Exercise 8
mysql> select * from Account where id=63;
+----+-------------------------------------------------+-------------+---------------------+---------------------+
| id | email                                           | password    | createdOn           | modifiedOn          |
+----+-------------------------------------------------+-------------+---------------------+---------------------+
| 63 | consectetuer.rhoncus.Nullam@temporloremeget.org | IXW18QLZ3AH | 2015-03-03 16:28:10 | 2016-06-17 23:01:47 |
+----+-------------------------------------------------+-------------+---------------------+---------------------+
1 row in set (0,00 sec)

mysql> select * from AddressBook where accountID=3;
+-----+-----------+---------------------------------+---------------------+---------------------+
| id  | accountId | name                            | createdOn           | modifiedOn          |
+-----+-----------+---------------------------------+---------------------+---------------------+
|   3 |         3 | Donec Incorporated              | 2016-05-04 23:06:18 | 2016-06-16 06:54:15 |
|  62 |         3 | Ipsum Nunc LLC                  | 2015-09-08 00:26:17 | 2016-01-11 13:40:49 |
| 117 |         3 | In Consectetuer Ltd             | 2016-06-03 11:56:16 | 2015-07-14 11:37:52 |
| 510 |         3 | Lacus Aliquam Rutrum Industries | 2015-03-18 10:29:24 | 2016-07-27 14:37:47 |
| 535 |         3 | Ac Ltd                          | 2016-06-06 12:50:37 | 2014-10-09 11:23:40 |
| 614 |         3 | Mauris Consulting               | 2016-07-19 16:37:29 | 2015-04-16 12:32:05 |
| 657 |         3 | Ornare Corporation              | 2014-10-12 09:24:10 | 2015-02-26 17:12:48 |
+-----+-----------+---------------------------------+---------------------+---------------------+
7 rows in set (0,00 sec)

mysql> select * from AddressBook where name='Lorem Foundation';
+-----+-----------+------------------+---------------------+---------------------+
| id  | accountId | name             | createdOn           | modifiedOn          |
+-----+-----------+------------------+---------------------+---------------------+
|   5 |        84 | Lorem Foundation | 2016-06-26 02:43:41 | 2015-04-06 10:24:41 |
| 153 |        12 | Lorem Foundation | 2015-05-04 14:28:16 | 2015-05-24 20:46:26 |
+-----+-----------+------------------+---------------------+---------------------+
2 rows in set (0,00 sec)

## Exercise 9
mysql> select count(distinct id) from Account;
+--------------------+
| count(distinct id) |
+--------------------+
|               1000 |
+--------------------+
1 row in set (0,00 sec)

mysql> select count(distinct accountId) from AddressBook;
+---------------------------+
| count(distinct accountId) |
+---------------------------+
|                       100 |
+---------------------------+
1 row in set (0,00 sec)

mysql> select count(*) from AddressBook;
+----------+
| count(*) |
+----------+
|     1100 |
+----------+
1 row in set (0,00 sec)

## Exercise 10
mysql> select count(*) from Entry where Entry.birthday < 19820212;
+----------+
| count(*) |
+----------+
|     2687 |
+----------+
1 row in set (0,00 sec)

mysql> select count(*) from Entry where Entry.birthday >= 19650101;
+----------+
| count(*) |
+----------+
|     2597 |
+----------+
1 row in set (0,01 sec)

mysql> select * from Entry where (birthday) IN (select min(birthday) from Entry);
+------+---------------+-----------+----------+---------------------+-------+---------+----------------+----------------+------------------+-----------------+-----------------+
| id   | addressBookId | firstName | lastName | birthday            | type  | subtype | contentLineOne | contentLineTwo | contentLineThree | contentLineFour | contentLineFive |
+------+---------------+-----------+----------+---------------------+-------+---------+----------------+----------------+------------------+-----------------+-----------------+
| 2260 |            93 | Abigail   | Rollins  | 1945-09-02 09:21:58 | other | address | 194 Non Road   | Berlin         | Berlin           | Bolivia         | 791155          |
+------+---------------+-----------+----------+---------------------+-------+---------+----------------+----------------+------------------+-----------------+-----------------+
1 row in set (0,03 sec)
